category_id,category_name,parent_id,level1,level2,level3
dds1,Power Tools,,Power Tools,,
dds2,Drills & Fastening Tools,dds1,Power Tools,Drills & Fastening Tools,
dds3,Drills,dds2,Power Tools,Drills & Fastening Tools,Drills
dds4,Hammer Drills,dds2,Power Tools,Drills & Fastening Tools,Hammer Drills
dds5,Impact Drivers,dds2,Power Tools,Drills & Fastening Tools,Impact Drivers
dds6,Impact Wrenches,dds2,Power Tools,Drills & Fastening Tools,Impact Wrenches
dds7,Screw Guns,dds2,Power Tools,Drills & Fastening Tools,Screw Guns
dds8,Saws & Cutting Tools,dds1,Power Tools,Saws & Cutting Tools,
dds9,Circular Saws,dds8,Power Tools,Saws & Cutting Tools,Circular Saws
dds10,Reciprocating Saws,dds8,Power Tools,Saws & Cutting Tools,Reciprocating Saws
dds11,Jig Saws,dds8,Power Tools,Saws & Cutting Tools,Jig Saws
dds12,Miter Saws,dds8,Power Tools,Saws & Cutting Tools,Miter Saws
dds13,Track Saws,dds8,Power Tools,Saws & Cutting Tools,Track Saws
dds14,Portable Band Saws,dds8,Power Tools,Saws & Cutting Tools,Portable Band Saws
dds15,Cut-Off Saws,dds8,Power Tools,Saws & Cutting Tools,Cut-Off Saws
dds16,"Grinding, Sanding & Finishing",dds1,Power Tools,"Grinding, Sanding & Finishing",
dds17,Angle Grinders,dds16,Power Tools,"Grinding, Sanding & Finishing",Angle Grinders
dds18,Die Grinders,dds16,Power Tools,"Grinding, Sanding & Finishing",Die Grinders
dds19,Sanders,dds16,Power Tools,"Grinding, Sanding & Finishing",Sanders
dds20,Polishers,dds16,Power Tools,"Grinding, Sanding & Finishing",Polishers
dds21,Buffers,dds16,Power Tools,"Grinding, Sanding & Finishing",Buffers
dds22,Outdoor Power Equipment,dds1,Power Tools,Outdoor Power Equipment,
dds23,Pressure Washers,dds22,Power Tools,Outdoor Power Equipment,Pressure Washers
dds24,Blowers,dds22,Power Tools,Outdoor Power Equipment,Blowers
dds25,String Trimmers,dds22,Power Tools,Outdoor Power Equipment,String Trimmers
dds26,Hedge Trimmers,dds22,Power Tools,Outdoor Power Equipment,Hedge Trimmers
dds27,Chainsaws,dds22,Power Tools,Outdoor Power Equipment,Chainsaws
dds28,Specialty Power Tools,dds1,Power Tools,Specialty Power Tools,
dds29,Oscillating Multi-Tools,dds28,Power Tools,Specialty Power Tools,Oscillating Multi-Tools
dds30,Heat Guns,dds28,Power Tools,Specialty Power Tools,Heat Guns
dds31,Power Planers,dds28,Power Tools,Specialty Power Tools,Power Planers
dds32,Power Shears,dds28,Power Tools,Specialty Power Tools,Power Shears
dds33,Power Nibblers,dds28,Power Tools,Specialty Power Tools,Power Nibblers
dds34,Mixers,dds28,Power Tools,Specialty Power Tools,Mixers
dds35,Jump Starters,dds28,Power Tools,Specialty Power Tools,Jump Starters
dds36,Power Tool Kits,dds1,Power Tools,Power Tool Kits,
dds37,Combo Kits,dds36,Power Tools,Power Tool Kits,Combo Kits
dds38,Concrete & Masonry Tools,dds1,Power Tools,Concrete & Masonry Tools,
dds39,Rotary Hammers,dds38,Power Tools,Concrete & Masonry Tools,Rotary Hammers
dds40,Demolition Hammers,dds38,Power Tools,Concrete & Masonry Tools,Demolition Hammers
dds41,Concrete Breakers,dds38,Power Tools,Concrete & Masonry Tools,Concrete Breakers
dds42,Electric Jackhammers,dds38,Power Tools,Concrete & Masonry Tools,Electric Jackhammers
dds43,Concrete Vibrators,dds38,Power Tools,Concrete & Masonry Tools,Concrete Vibrators
dds44,Concrete Mixers,dds38,Power Tools,Concrete & Masonry Tools,Concrete Mixers
dds45,Rebar Cutters & Benders,dds38,Power Tools,Concrete & Masonry Tools,Rebar Cutters & Benders
dds46,Hand Tools,,Hand Tools,,
dds47,Striking Tools,dds46,Hand Tools,Striking Tools,
dds48,Hammers,dds47,Hand Tools,Striking Tools,Hammers
dds49,Mallets,dds47,Hand Tools,Striking Tools,Mallets
dds50,Sledgehammers,dds47,Hand Tools,Striking Tools,Sledgehammers
dds51,Dead Blow Hammers,dds47,Hand Tools,Striking Tools,Dead Blow Hammers
dds52,Wrenches & Ratcheting Tools,dds46,Hand Tools,Wrenches & Ratcheting Tools,
dds53,Combination Wrenches,dds52,Hand Tools,Wrenches & Ratcheting Tools,Combination Wrenches
dds54,Open-End Wrenches,dds52,Hand Tools,Wrenches & Ratcheting Tools,Open-End Wrenches
dds55,Box-End Wrenches,dds52,Hand Tools,Wrenches & Ratcheting Tools,Box-End Wrenches
dds56,Adjustable Wrenches,dds52,Hand Tools,Wrenches & Ratcheting Tools,Adjustable Wrenches
dds57,Ratcheting Wrenches,dds52,Hand Tools,Wrenches & Ratcheting Tools,Ratcheting Wrenches
dds58,Torque Wrenches,dds52,Hand Tools,Wrenches & Ratcheting Tools,Torque Wrenches
dds59,Sockets & Accessories,dds46,Hand Tools,Sockets & Accessories,
dds60,Socket Sets,dds59,Hand Tools,Sockets & Accessories,Socket Sets
dds61,Individual Sockets,dds59,Hand Tools,Sockets & Accessories,Individual Sockets
dds62,Extensions,dds59,Hand Tools,Sockets & Accessories,Extensions
dds63,Adapters,dds59,Hand Tools,Sockets & Accessories,Adapters
dds64,Universal Joints,dds59,Hand Tools,Sockets & Accessories,Universal Joints
dds65,Pliers & Cutting Tools,dds46,Hand Tools,Pliers & Cutting Tools,
dds66,Pliers,dds65,Hand Tools,Pliers & Cutting Tools,Pliers
dds67,Needle-Nose Pliers,dds65,Hand Tools,Pliers & Cutting Tools,Needle-Nose Pliers
dds68,Slip-Joint Pliers,dds65,Hand Tools,Pliers & Cutting Tools,Slip-Joint Pliers
dds69,Locking Pliers,dds65,Hand Tools,Pliers & Cutting Tools,Locking Pliers
dds70,Wire Cutters,dds65,Hand Tools,Pliers & Cutting Tools,Wire Cutters
dds71,Bolt Cutters,dds65,Hand Tools,Pliers & Cutting Tools,Bolt Cutters
dds72,Screwdrivers & Hex Keys,dds46,Hand Tools,Screwdrivers & Hex Keys,
dds73,Screwdrivers,dds72,Hand Tools,Screwdrivers & Hex Keys,Screwdrivers
dds74,Nut Drivers,dds72,Hand Tools,Screwdrivers & Hex Keys,Nut Drivers
dds75,Hex Keys,dds72,Hand Tools,Screwdrivers & Hex Keys,Hex Keys
dds76,Torx Keys,dds72,Hand Tools,Screwdrivers & Hex Keys,Torx Keys
dds77,Measuring & Layout Tools,dds46,Hand Tools,Measuring & Layout Tools,
dds78,Tape Measures,dds77,Hand Tools,Measuring & Layout Tools,Tape Measures
dds79,Levels,dds77,Hand Tools,Measuring & Layout Tools,Levels
dds80,Squares,dds77,Hand Tools,Measuring & Layout Tools,Squares
dds81,Calipers,dds77,Hand Tools,Measuring & Layout Tools,Calipers
dds82,Chalk lines,dds77,Hand Tools,Measuring & Layout Tools,Chalk lines
dds83,Chalk,dds77,Hand Tools,Measuring & Layout Tools,Chalk
dds84,Marking pencils,dds77,Hand Tools,Measuring & Layout Tools,Marking pencils
dds85,Markers,dds77,Hand Tools,Measuring & Layout Tools,Markers
dds86,Clamping & Vises,dds46,Hand Tools,Clamping & Vises,
dds87,Bar Clamps,dds86,Hand Tools,Clamping & Vises,Bar Clamps
dds88,C-Clamps,dds86,Hand Tools,Clamping & Vises,C-Clamps
dds89,Spring Clamps,dds86,Hand Tools,Clamping & Vises,Spring Clamps
dds90,Bench Vises,dds86,Hand Tools,Clamping & Vises,Bench Vises
dds91,Hand Vises,dds86,Hand Tools,Clamping & Vises,Hand Vises
dds92,Cutting & Shaping Tools,dds46,Hand Tools,Cutting & Shaping Tools,
dds93,Hand Saws,dds92,Hand Tools,Cutting & Shaping Tools,Hand Saws
dds94,Chisels,dds92,Hand Tools,Cutting & Shaping Tools,Chisels
dds95,Files,dds92,Hand Tools,Cutting & Shaping Tools,Files
dds96,Rasps,dds92,Hand Tools,Cutting & Shaping Tools,Rasps
dds97,Snips,dds92,Hand Tools,Cutting & Shaping Tools,Snips
dds98,Pry Bars & Lifting Tools,dds46,Hand Tools,Pry Bars & Lifting Tools,
dds99,Pry Bars,dds98,Hand Tools,Pry Bars & Lifting Tools,Pry Bars
dds100,Wrecking Bars,dds98,Hand Tools,Pry Bars & Lifting Tools,Wrecking Bars
dds101,Crowbars,dds98,Hand Tools,Pry Bars & Lifting Tools,Crowbars
dds102,Manual Jacks,dds98,Hand Tools,Pry Bars & Lifting Tools,Manual Jacks
dds103,Power Tool Accessories,,Power Tool Accessories,,
dds104,Blades & Abrasives,dds103,Power Tool Accessories,Blades & Abrasives,
dds105,Circular Saw Blades,dds104,Power Tool Accessories,Blades & Abrasives,Circular Saw Blades
dds106,Reciprocating Saw Blades,dds104,Power Tool Accessories,Blades & Abrasives,Reciprocating Saw Blades
dds107,Jig Saw Blades,dds104,Power Tool Accessories,Blades & Abrasives,Jig Saw Blades
dds108,Band Saw Blades,dds104,Power Tool Accessories,Blades & Abrasives,Band Saw Blades
dds109,Grinding Wheels,dds104,Power Tool Accessories,Blades & Abrasives,Grinding Wheels
dds110,Cut-Off Wheels,dds104,Power Tool Accessories,Blades & Abrasives,Cut-Off Wheels
dds111,Sanding Discs,dds104,Power Tool Accessories,Blades & Abrasives,Sanding Discs
dds112,Flap Discs,dds104,Power Tool Accessories,Blades & Abrasives,Flap Discs
dds113,Wire Wheels,dds104,Power Tool Accessories,Blades & Abrasives,Wire Wheels
dds114,Drilling Accessories,dds103,Power Tool Accessories,Drilling Accessories,
dds115,Twist Drill Bits,dds114,Power Tool Accessories,Drilling Accessories,Twist Drill Bits
dds116,Masonry Bits,dds114,Power Tool Accessories,Drilling Accessories,Masonry Bits
dds117,Step Bits,dds114,Power Tool Accessories,Drilling Accessories,Step Bits
dds118,Hole Saws,dds114,Power Tool Accessories,Drilling Accessories,Hole Saws
dds119,Auger Bits,dds114,Power Tool Accessories,Drilling Accessories,Auger Bits
dds120,Fastening Accessories,dds103,Power Tool Accessories,Fastening Accessories,
dds121,Driver Bits,dds120,Power Tool Accessories,Fastening Accessories,Driver Bits
dds122,Bit Holders,dds120,Power Tool Accessories,Fastening Accessories,Bit Holders
dds123,Nut Setters,dds120,Power Tool Accessories,Fastening Accessories,Nut Setters
dds124,Extensions,dds120,Power Tool Accessories,Fastening Accessories,Extensions
dds125,Batteries & Chargers,dds103,Power Tool Accessories,Batteries & Chargers,
dds126,Tool Batteries,dds125,Power Tool Accessories,Batteries & Chargers,Tool Batteries
dds127,Battery Chargers,dds125,Power Tool Accessories,Batteries & Chargers,Battery Chargers
dds128,Power Cords & Adapters,dds125,Power Tool Accessories,Batteries & Chargers,Power Cords & Adapters
dds129,Replacement Parts & Consumables,dds103,Power Tool Accessories,Replacement Parts & Consumables,
dds130,Carbon Brushes,dds129,Power Tool Accessories,Replacement Parts & Consumables,Carbon Brushes
dds131,Drive Belts,dds129,Power Tool Accessories,Replacement Parts & Consumables,Drive Belts
dds132,Filters,dds129,Power Tool Accessories,Replacement Parts & Consumables,Filters
dds133,Lubrication,dds129,Power Tool Accessories,Replacement Parts & Consumables,Lubrication
dds134,Replacement Parts,dds129,Power Tool Accessories,Replacement Parts & Consumables,Replacement Parts
dds135,Air Tools & Compressors,,Air Tools & Compressors,,
dds136,Air Compressors,dds135,Air Tools & Compressors,Air Compressors,
dds137,Portable Air Compressors,dds136,Air Tools & Compressors,Air Compressors,Portable Air Compressors
dds138,Stationary Air Compressors,dds136,Air Tools & Compressors,Air Compressors,Stationary Air Compressors
dds139,Pneumatic Fastening Tools,dds135,Air Tools & Compressors,Pneumatic Fastening Tools,
dds140,Air Nailers,dds139,Air Tools & Compressors,Pneumatic Fastening Tools,Air Nailers
dds141,Air Staplers,dds139,Air Tools & Compressors,Pneumatic Fastening Tools,Air Staplers
dds142,Air Impact Wrenches,dds139,Air Tools & Compressors,Pneumatic Fastening Tools,Air Impact Wrenches
dds143,Air Ratchets,dds139,Air Tools & Compressors,Pneumatic Fastening Tools,Air Ratchets
dds144,Air Rivet Guns,dds139,Air Tools & Compressors,Pneumatic Fastening Tools,Air Rivet Guns
dds145,Pneumatic Cutting Tools,dds135,Air Tools & Compressors,Pneumatic Cutting Tools,
dds146,Air Cut-Off Tools,dds145,Air Tools & Compressors,Pneumatic Cutting Tools,Air Cut-Off Tools
dds147,Air Reciprocating Saws,dds145,Air Tools & Compressors,Pneumatic Cutting Tools,Air Reciprocating Saws
dds148,Air Shears,dds145,Air Tools & Compressors,Pneumatic Cutting Tools,Air Shears
dds149,Air Nibblers,dds145,Air Tools & Compressors,Pneumatic Cutting Tools,Air Nibblers
dds150,Pneumatic Grinding & Finishing,dds135,Air Tools & Compressors,Pneumatic Grinding & Finishing,
dds151,Air Die Grinders,dds150,Air Tools & Compressors,Pneumatic Grinding & Finishing,Air Die Grinders
dds152,Air Angle Grinders,dds150,Air Tools & Compressors,Pneumatic Grinding & Finishing,Air Angle Grinders
dds153,Air Sanders,dds150,Air Tools & Compressors,Pneumatic Grinding & Finishing,Air Sanders
dds154,Air Polishers,dds150,Air Tools & Compressors,Pneumatic Grinding & Finishing,Air Polishers
dds155,Air Tool Accessories,dds135,Air Tools & Compressors,Air Tool Accessories,
dds156,Air Hoses,dds155,Air Tools & Compressors,Air Tool Accessories,Air Hoses
dds157,Hose Reels,dds155,Air Tools & Compressors,Air Tool Accessories,Hose Reels
dds158,Couplers & Fittings,dds155,Air Tools & Compressors,Air Tool Accessories,Couplers & Fittings
dds159,Regulators,dds155,Air Tools & Compressors,Air Tool Accessories,Regulators
dds160,Filters,dds155,Air Tools & Compressors,Air Tool Accessories,Filters
dds161,Lubricators,dds155,Air Tools & Compressors,Air Tool Accessories,Lubricators
dds162,Blow Guns,dds155,Air Tools & Compressors,Air Tool Accessories,Blow Guns
dds163,Machine Tools,,Machine Tools,,
dds164,Metal Cutting Machines,dds163,Machine Tools,Metal Cutting Machines,
dds165,Plasma Cutting Machines,dds164,Machine Tools,Metal Cutting Machines,Plasma Cutting Machines
dds166,Laser Cutting Machines,dds164,Machine Tools,Metal Cutting Machines,Laser Cutting Machines
dds167,Waterjet Cutting Machines,dds164,Machine Tools,Metal Cutting Machines,Waterjet Cutting Machines
dds168,Metal Forming Machines,dds163,Machine Tools,Metal Forming Machines,
dds169,Press Brakes,dds168,Machine Tools,Metal Forming Machines,Press Brakes
dds170,Ironworkers,dds168,Machine Tools,Metal Forming Machines,Ironworkers
dds171,Plate Shears,dds168,Machine Tools,Metal Forming Machines,Plate Shears
dds172,Punch Presses,dds168,Machine Tools,Metal Forming Machines,Punch Presses
dds173,Roll Forming Machines,dds168,Machine Tools,Metal Forming Machines,Roll Forming Machines
dds174,Drilling & Boring Machines,dds163,Machine Tools,Drilling & Boring Machines,
dds175,Drill Presses,dds174,Machine Tools,Drilling & Boring Machines,Drill Presses
dds176,Radial Drilling Machines,dds174,Machine Tools,Drilling & Boring Machines,Radial Drilling Machines
dds177,Magnetic Drill Presses,dds174,Machine Tools,Drilling & Boring Machines,Magnetic Drill Presses
dds178,Boring Machines,dds174,Machine Tools,Drilling & Boring Machines,Boring Machines
dds179,Grinding & Finishing Machines,dds163,Machine Tools,Grinding & Finishing Machines,
dds180,Surface Grinders,dds179,Machine Tools,Grinding & Finishing Machines,Surface Grinders
dds181,Cylindrical Grinders,dds179,Machine Tools,Grinding & Finishing Machines,Cylindrical Grinders
dds182,Bench Grinders,dds179,Machine Tools,Grinding & Finishing Machines,Bench Grinders
dds183,Belt Grinding Machines,dds179,Machine Tools,Grinding & Finishing Machines,Belt Grinding Machines
dds184,Milling Machines,dds163,Machine Tools,Milling Machines,
dds185,Vertical Milling Machines,dds184,Machine Tools,Milling Machines,Vertical Milling Machines
dds186,Horizontal Milling Machines,dds184,Machine Tools,Milling Machines,Horizontal Milling Machines
dds187,Knee Mills,dds184,Machine Tools,Milling Machines,Knee Mills
dds188,CNC Milling Machines,dds184,Machine Tools,Milling Machines,CNC Milling Machines
dds189,Turning Machines (Lathes),dds163,Machine Tools,Turning Machines (Lathes),
dds190,Engine Lathes,dds189,Machine Tools,Turning Machines (Lathes),Engine Lathes
dds191,Bench Lathes,dds189,Machine Tools,Turning Machines (Lathes),Bench Lathes
dds192,CNC Lathes,dds189,Machine Tools,Turning Machines (Lathes),CNC Lathes
dds193,Toolroom Lathes,dds189,Machine Tools,Turning Machines (Lathes),Toolroom Lathes
dds194,Sawing Machines,dds163,Machine Tools,Sawing Machines,
dds195,Horizontal Band Saws,dds194,Machine Tools,Sawing Machines,Horizontal Band Saws
dds196,Vertical Band Saws,dds194,Machine Tools,Sawing Machines,Vertical Band Saws
dds197,Cold Saws,dds194,Machine Tools,Sawing Machines,Cold Saws
dds198,Circular Saw Machines,dds194,Machine Tools,Sawing Machines,Circular Saw Machines
dds199,Specialty & Production Machines,dds163,Machine Tools,Specialty & Production Machines,
dds200,Threading Machines,dds199,Machine Tools,Specialty & Production Machines,Threading Machines
dds201,Tapping Machines,dds199,Machine Tools,Specialty & Production Machines,Tapping Machines
dds202,Broaching Machines,dds199,Machine Tools,Specialty & Production Machines,Broaching Machines
dds203,Slotting Machines,dds199,Machine Tools,Specialty & Production Machines,Slotting Machines
dds204,Storage & Workspace,,Storage & Workspace,,
dds205,Tool Storage,dds204,Storage & Workspace,Tool Storage,
dds206,Toolboxes,dds205,Storage & Workspace,Tool Storage,Toolboxes
dds207,Tool Chests,dds205,Storage & Workspace,Tool Storage,Tool Chests
dds208,Tool Cabinets,dds205,Storage & Workspace,Tool Storage,Tool Cabinets
dds209,Small Parts Organizers,dds205,Storage & Workspace,Tool Storage,Small Parts Organizers
dds210,Drawer Storage Units,dds205,Storage & Workspace,Tool Storage,Drawer Storage Units
dds211,Modular Storage Systems,dds204,Storage & Workspace,Modular Storage Systems,
dds212,Stackable Tool Cases,dds211,Storage & Workspace,Modular Storage Systems,Stackable Tool Cases
dds213,Rolling Base Units,dds211,Storage & Workspace,Modular Storage Systems,Rolling Base Units
dds214,Modular Organizers,dds211,Storage & Workspace,Modular Storage Systems,Modular Organizers
dds215,System Mounting Plates,dds211,Storage & Workspace,Modular Storage Systems,System Mounting Plates
dds216,System Rails & Accessories,dds211,Storage & Workspace,Modular Storage Systems,System Rails & Accessories
dds217,Mobile Storage & Carts,dds204,Storage & Workspace,Mobile Storage & Carts,
dds218,Tool Carts,dds217,Storage & Workspace,Mobile Storage & Carts,Tool Carts
dds219,Service Carts,dds217,Storage & Workspace,Mobile Storage & Carts,Service Carts
dds220,Rolling Tool Cabinets,dds217,Storage & Workspace,Mobile Storage & Carts,Rolling Tool Cabinets
dds221,Utility Carts,dds217,Storage & Workspace,Mobile Storage & Carts,Utility Carts
dds222,Shop Equipment,dds204,Storage & Workspace,Shop Equipment,
dds223,Jobsite Lights,dds222,Storage & Workspace,Shop Equipment,Jobsite Lights
dds224,Work Lights,dds222,Storage & Workspace,Shop Equipment,Work Lights
dds225,Tripod Lights,dds222,Storage & Workspace,Shop Equipment,Tripod Lights
dds226,Radios,dds222,Storage & Workspace,Shop Equipment,Radios
dds227,Fans,dds222,Storage & Workspace,Shop Equipment,Fans
dds228,Stands & Tripods,dds222,Storage & Workspace,Shop Equipment,Stands & Tripods
dds229,Safety & Workwear,,Safety & Workwear,,
dds230,Head Protection,dds229,Safety & Workwear,Head Protection,
dds231,Hard Hats,dds230,Safety & Workwear,Head Protection,Hard Hats
dds232,Bump Caps,dds230,Safety & Workwear,Head Protection,Bump Caps
dds233,Eye & Face Protection,dds229,Safety & Workwear,Eye & Face Protection,
dds234,Safety Glasses,dds233,Safety & Workwear,Eye & Face Protection,Safety Glasses
dds235,Goggles,dds233,Safety & Workwear,Eye & Face Protection,Goggles
dds236,Face Shields,dds233,Safety & Workwear,Eye & Face Protection,Face Shields
dds237,Welding Helmets,dds233,Safety & Workwear,Eye & Face Protection,Welding Helmets
dds238,Hearing Protection,dds229,Safety & Workwear,Hearing Protection,
dds239,Earplugs,dds238,Safety & Workwear,Hearing Protection,Earplugs
dds240,Earmuffs,dds238,Safety & Workwear,Hearing Protection,Earmuffs
dds241,Hand Protection,dds229,Safety & Workwear,Hand Protection,
dds242,Work Gloves,dds241,Safety & Workwear,Hand Protection,Work Gloves
dds243,Cut-Resistant Gloves,dds241,Safety & Workwear,Hand Protection,Cut-Resistant Gloves
dds244,Impact Gloves,dds241,Safety & Workwear,Hand Protection,Impact Gloves
dds245,Chemical-Resistant Gloves,dds241,Safety & Workwear,Hand Protection,Chemical-Resistant Gloves
dds246,Protective Clothing & Workwear,dds229,Safety & Workwear,Protective Clothing & Workwear,
dds247,Work Pants,dds246,Safety & Workwear,Protective Clothing & Workwear,Work Pants
dds248,Work Shirts,dds246,Safety & Workwear,Protective Clothing & Workwear,Work Shirts
dds249,Jackets & Coats,dds246,Safety & Workwear,Protective Clothing & Workwear,Jackets & Coats
dds250,Hi-Vis Apparel,dds246,Safety & Workwear,Protective Clothing & Workwear,Hi-Vis Apparel
dds251,FR Clothing,dds246,Safety & Workwear,Protective Clothing & Workwear,FR Clothing
dds252,Foot Protection,dds229,Safety & Workwear,Foot Protection,
dds253,Safety Boots,dds252,Safety & Workwear,Foot Protection,Safety Boots
dds254,Safety Shoes,dds252,Safety & Workwear,Foot Protection,Safety Shoes
dds255,Toe Guards,dds252,Safety & Workwear,Foot Protection,Toe Guards
dds256,Fall Protection,dds229,Safety & Workwear,Fall Protection,
dds257,Safety Harnesses,dds256,Safety & Workwear,Fall Protection,Safety Harnesses
dds258,Lanyards,dds256,Safety & Workwear,Fall Protection,Lanyards
dds259,Anchors,dds256,Safety & Workwear,Fall Protection,Anchors
dds260,Self-Retracting Lifelines,dds256,Safety & Workwear,Fall Protection,Self-Retracting Lifelines
dds261,Respiratory Protection,dds229,Safety & Workwear,Respiratory Protection,
dds262,Disposable Respirators,dds261,Safety & Workwear,Respiratory Protection,Disposable Respirators
dds263,Reusable Respirators,dds261,Safety & Workwear,Respiratory Protection,Reusable Respirators
dds264,Respirator Cartridges,dds261,Safety & Workwear,Respiratory Protection,Respirator Cartridges
dds265,Filters,dds261,Safety & Workwear,Respiratory Protection,Filters
dds266,Jobsite Safety Equipment,dds229,Safety & Workwear,Jobsite Safety Equipment,
dds267,Safety Cones,dds266,Safety & Workwear,Jobsite Safety Equipment,Safety Cones
dds268,Barricades,dds266,Safety & Workwear,Jobsite Safety Equipment,Barricades
dds269,Caution Tape,dds266,Safety & Workwear,Jobsite Safety Equipment,Caution Tape
dds270,Safety Signage,dds266,Safety & Workwear,Jobsite Safety Equipment,Safety Signage
dds271,Tool Carrying & Wearable Accessories,dds229,Safety & Workwear,Tool Carrying & Wearable Accessories,
dds272,Tool Belts,dds271,Safety & Workwear,Tool Carrying & Wearable Accessories,Tool Belts
dds273,Tool Pouches,dds271,Safety & Workwear,Tool Carrying & Wearable Accessories,Tool Pouches
dds274,Tool Holsters,dds271,Safety & Workwear,Tool Carrying & Wearable Accessories,Tool Holsters
dds275,Tool Lanyards,dds271,Safety & Workwear,Tool Carrying & Wearable Accessories,Tool Lanyards
dds276,Suspenders,dds271,Safety & Workwear,Tool Carrying & Wearable Accessories,Suspenders
dds277,Jobsite Supplies & Material Handling,,Jobsite Supplies & Material Handling,,
dds278,Material Handling Equipment,dds277,Jobsite Supplies & Material Handling,Material Handling Equipment,
dds279,Hand Trucks,dds278,Jobsite Supplies & Material Handling,Material Handling Equipment,Hand Trucks
dds280,Dollies,dds278,Jobsite Supplies & Material Handling,Material Handling Equipment,Dollies
dds281,Platform Carts,dds278,Jobsite Supplies & Material Handling,Material Handling Equipment,Platform Carts
dds282,Pallet Jacks,dds278,Jobsite Supplies & Material Handling,Material Handling Equipment,Pallet Jacks
dds283,Lifting Slings,dds278,Jobsite Supplies & Material Handling,Material Handling Equipment,Lifting Slings
dds284,Hoists,dds278,Jobsite Supplies & Material Handling,Material Handling Equipment,Hoists
dds285,Ladders & Access Equipment,dds277,Jobsite Supplies & Material Handling,Ladders & Access Equipment,
dds286,Step Ladders,dds285,Jobsite Supplies & Material Handling,Ladders & Access Equipment,Step Ladders
dds287,Extension Ladders,dds285,Jobsite Supplies & Material Handling,Ladders & Access Equipment,Extension Ladders
dds288,Platform Ladders,dds285,Jobsite Supplies & Material Handling,Ladders & Access Equipment,Platform Ladders
dds289,Folding Ladders,dds285,Jobsite Supplies & Material Handling,Ladders & Access Equipment,Folding Ladders
dds290,Jobsite Consumables,dds277,Jobsite Supplies & Material Handling,Jobsite Consumables,
dds291,Marking Paint (Spray),dds290,Jobsite Supplies & Material Handling,Jobsite Consumables,Marking Paint (Spray)
dds292,Lubricants,dds290,Jobsite Supplies & Material Handling,Jobsite Consumables,Lubricants
dds293,Threadlock Compounds,dds290,Jobsite Supplies & Material Handling,Jobsite Consumables,Threadlock Compounds
dds294,Cleaners & Degreasers,dds290,Jobsite Supplies & Material Handling,Jobsite Consumables,Cleaners & Degreasers
dds295,Wipes,dds290,Jobsite Supplies & Material Handling,Jobsite Consumables,Wipes
dds296,"Tapes, Adhesives & Sealants",dds277,Jobsite Supplies & Material Handling,"Tapes, Adhesives & Sealants",
dds297,Duct Tape,dds296,Jobsite Supplies & Material Handling,"Tapes, Adhesives & Sealants",Duct Tape
dds298,Electrical Tape,dds296,Jobsite Supplies & Material Handling,"Tapes, Adhesives & Sealants",Electrical Tape
dds299,Construction Tape,dds296,Jobsite Supplies & Material Handling,"Tapes, Adhesives & Sealants",Construction Tape
dds300,Adhesives,dds296,Jobsite Supplies & Material Handling,"Tapes, Adhesives & Sealants",Adhesives
dds301,Sealants,dds296,Jobsite Supplies & Material Handling,"Tapes, Adhesives & Sealants",Sealants
dds302,Fasteners,,Fasteners,,
dds303,Screws,dds302,Fasteners,Screws,
dds304,Wood Screws,dds303,Fasteners,Screws,Wood Screws
dds305,Construction Screws,dds303,Fasteners,Screws,Construction Screws
dds306,Structural Screws,dds303,Fasteners,Screws,Structural Screws
dds307,Deck Screws,dds303,Fasteners,Screws,Deck Screws
dds308,Pocket-Hole Screws,dds303,Fasteners,Screws,Pocket-Hole Screws
dds309,Drywall Screws,dds303,Fasteners,Screws,Drywall Screws
dds310,Sheet Metal Screws,dds303,Fasteners,Screws,Sheet Metal Screws
dds311,Self-Drilling Screws (TEK),dds303,Fasteners,Screws,Self-Drilling Screws (TEK)
dds312,Machine Screws,dds303,Fasteners,Screws,Machine Screws
dds313,Lag Screws (Lag Bolts),dds303,Fasteners,Screws,Lag Screws (Lag Bolts)
dds314,Concrete Screws,dds303,Fasteners,Screws,Concrete Screws
dds315,Security Screws,dds303,Fasteners,Screws,Security Screws
dds316,Set Screws (Grub Screws),dds303,Fasteners,Screws,Set Screws (Grub Screws)
dds317,Trim / Finish Screws,dds303,Fasteners,Screws,Trim / Finish Screws
dds318,Cement Board Screws,dds303,Fasteners,Screws,Cement Board Screws
dds319,Roofing Screws,dds303,Fasteners,Screws,Roofing Screws
dds320,Thread-Forming Screws,dds303,Fasteners,Screws,Thread-Forming Screws
dds321,Thread-Cutting Screws,dds303,Fasteners,Screws,Thread-Cutting Screws
dds322,Screw Assortments & Kits,dds303,Fasteners,Screws,Screw Assortments & Kits
dds323,Bolts,dds302,Fasteners,Bolts,
dds324,Hex Head Cap Screws / Hex Bolts,dds323,Fasteners,Bolts,Hex Head Cap Screws / Hex Bolts
dds325,Carriage Bolts,dds323,Fasteners,Bolts,Carriage Bolts
dds326,Flange Bolts,dds323,Fasteners,Bolts,Flange Bolts
dds327,Structural Bolts,dds323,Fasteners,Bolts,Structural Bolts
dds328,Eye Bolts,dds323,Fasteners,Bolts,Eye Bolts
dds329,U-Bolts,dds323,Fasteners,Bolts,U-Bolts
dds330,J-Bolts,dds323,Fasteners,Bolts,J-Bolts
dds331,T-Bolts / T-Slot Bolts,dds323,Fasteners,Bolts,T-Bolts / T-Slot Bolts
dds332,Anchor Bolts (Cast-In),dds323,Fasteners,Bolts,Anchor Bolts (Cast-In)
dds333,Elevator Bolts,dds323,Fasteners,Bolts,Elevator Bolts
dds334,Plow Bolts,dds323,Fasteners,Bolts,Plow Bolts
dds335,Shoulder Bolts,dds323,Fasteners,Bolts,Shoulder Bolts
dds336,Socket Head Cap Screws,dds323,Fasteners,Bolts,Socket Head Cap Screws
dds337,Button Head Socket Screws,dds323,Fasteners,Bolts,Button Head Socket Screws
dds338,Flat Head Socket Screws,dds323,Fasteners,Bolts,Flat Head Socket Screws
dds339,Stud Bolts,dds323,Fasteners,Bolts,Stud Bolts
dds340,Bolt Assortments & Kits,dds323,Fasteners,Bolts,Bolt Assortments & Kits
dds341,Nuts,dds302,Fasteners,Nuts,
dds342,Hex Nuts,dds341,Fasteners,Nuts,Hex Nuts
dds343,Heavy Hex Nuts,dds341,Fasteners,Nuts,Heavy Hex Nuts
dds344,Jam Nuts,dds341,Fasteners,Nuts,Jam Nuts
dds345,Lock Nuts - Nylon Insert,dds341,Fasteners,Nuts,Lock Nuts - Nylon Insert
dds346,Lock Nuts - All-Metal,dds341,Fasteners,Nuts,Lock Nuts - All-Metal
dds347,Flange Nuts,dds341,Fasteners,Nuts,Flange Nuts
dds348,Cap (Acorn) Nuts,dds341,Fasteners,Nuts,Cap (Acorn) Nuts
dds349,Coupling Nuts,dds341,Fasteners,Nuts,Coupling Nuts
dds350,Wing Nuts,dds341,Fasteners,Nuts,Wing Nuts
dds351,Square Nuts,dds341,Fasteners,Nuts,Square Nuts
dds352,T-Nuts,dds341,Fasteners,Nuts,T-Nuts
dds353,Weld Nuts,dds341,Fasteners,Nuts,Weld Nuts
dds354,Rivet Nuts (Nutserts),dds341,Fasteners,Nuts,Rivet Nuts (Nutserts)
dds355,Cage Nuts,dds341,Fasteners,Nuts,Cage Nuts
dds356,Thumb / Knurled Nuts,dds341,Fasteners,Nuts,Thumb / Knurled Nuts
dds357,Slotted / Castle Nuts,dds341,Fasteners,Nuts,Slotted / Castle Nuts
dds358,Washers,dds302,Fasteners,Washers,
dds359,Flat Washers,dds358,Fasteners,Washers,Flat Washers
dds360,Extra Thick Washers,dds358,Fasteners,Washers,Extra Thick Washers
dds361,Fender Washers,dds358,Fasteners,Washers,Fender Washers
dds362,Split Lock Washers,dds358,Fasteners,Washers,Split Lock Washers
dds363,Tooth Lock Washers,dds358,Fasteners,Washers,Tooth Lock Washers
dds364,Sealing Washers,dds358,Fasteners,Washers,Sealing Washers
dds365,Square Washers,dds358,Fasteners,Washers,Square Washers
dds366,Dock / Plate Washers,dds358,Fasteners,Washers,Dock / Plate Washers
dds367,Concrete & Masonry Anchors,dds302,Fasteners,Concrete & Masonry Anchors,
dds368,Wedge Anchors,dds367,Fasteners,Concrete & Masonry Anchors,Wedge Anchors
dds369,Sleeve Anchors,dds367,Fasteners,Concrete & Masonry Anchors,Sleeve Anchors
dds370,Drop-In Anchors,dds367,Fasteners,Concrete & Masonry Anchors,Drop-In Anchors
dds371,Hammer Drive Anchors,dds367,Fasteners,Concrete & Masonry Anchors,Hammer Drive Anchors
dds372,Machine Screw Anchors,dds367,Fasteners,Concrete & Masonry Anchors,Machine Screw Anchors
dds373,Lag Shield Anchors,dds367,Fasteners,Concrete & Masonry Anchors,Lag Shield Anchors
dds374,Expansion Shields,dds367,Fasteners,Concrete & Masonry Anchors,Expansion Shields
dds375,Strike Anchors,dds367,Fasteners,Concrete & Masonry Anchors,Strike Anchors
dds376,Pin Drive Anchors,dds367,Fasteners,Concrete & Masonry Anchors,Pin Drive Anchors
dds377,Drywall & Hollow Wall Anchors,dds302,Fasteners,Drywall & Hollow Wall Anchors,
dds378,Toggle Bolts,dds377,Fasteners,Drywall & Hollow Wall Anchors,Toggle Bolts
dds379,Strap Toggles,dds377,Fasteners,Drywall & Hollow Wall Anchors,Strap Toggles
dds380,Self-Drilling Drywall Anchors,dds377,Fasteners,Drywall & Hollow Wall Anchors,Self-Drilling Drywall Anchors
dds381,Hollow Wall Anchors,dds377,Fasteners,Drywall & Hollow Wall Anchors,Hollow Wall Anchors
dds382,Threaded Rod & Studs,dds302,Fasteners,Threaded Rod & Studs,
dds383,Threaded Rod (All-Thread),dds382,Fasteners,Threaded Rod & Studs,Threaded Rod (All-Thread)
dds384,Fully Threaded Studs,dds382,Fasteners,Threaded Rod & Studs,Fully Threaded Studs
dds385,ACME Rod,dds382,Fasteners,Threaded Rod & Studs,ACME Rod
dds386,Rod Couplers,dds382,Fasteners,Threaded Rod & Studs,Rod Couplers
dds387,Threaded Rod Accessories,dds382,Fasteners,Threaded Rod & Studs,Threaded Rod Accessories
dds388,Rivets,dds302,Fasteners,Rivets,
dds389,Blind Rivets,dds388,Fasteners,Rivets,Blind Rivets
dds390,Structural Blind Rivets,dds388,Fasteners,Rivets,Structural Blind Rivets
dds391,Sealed / Closed-End Rivets,dds388,Fasteners,Rivets,Sealed / Closed-End Rivets
dds392,Large Flange Rivets,dds388,Fasteners,Rivets,Large Flange Rivets
dds393,Multi-Grip Rivets,dds388,Fasteners,Rivets,Multi-Grip Rivets
dds394,Solid Rivets,dds388,Fasteners,Rivets,Solid Rivets
dds395,Drive Rivets,dds388,Fasteners,Rivets,Drive Rivets
dds396,Rivet Assortments,dds388,Fasteners,Rivets,Rivet Assortments
dds397,Nails,dds302,Fasteners,Nails,
dds398,Common Nails,dds397,Fasteners,Nails,Common Nails
dds399,Box Nails,dds397,Fasteners,Nails,Box Nails
dds400,Framing Nails,dds397,Fasteners,Nails,Framing Nails
dds401,Finish Nails,dds397,Fasteners,Nails,Finish Nails
dds402,Brad Nails,dds397,Fasteners,Nails,Brad Nails
dds403,Pin Nails,dds397,Fasteners,Nails,Pin Nails
dds404,Roofing Nails,dds397,Fasteners,Nails,Roofing Nails
dds405,Concrete / Masonry Nails,dds397,Fasteners,Nails,Concrete / Masonry Nails
dds406,Joist Hanger Nails,dds397,Fasteners,Nails,Joist Hanger Nails
dds407,Coil Nails,dds397,Fasteners,Nails,Coil Nails
dds408,Collated Nails,dds397,Fasteners,Nails,Collated Nails
dds409,Construction & Structural Connectors,dds302,Fasteners,Construction & Structural Connectors,
dds410,Joist Hangers,dds409,Fasteners,Construction & Structural Connectors,Joist Hangers
dds411,Hurricane Ties,dds409,Fasteners,Construction & Structural Connectors,Hurricane Ties
dds412,Angles & Angle Brackets,dds409,Fasteners,Construction & Structural Connectors,Angles & Angle Brackets
dds413,Straps & Ties,dds409,Fasteners,Construction & Structural Connectors,Straps & Ties
dds414,Plates,dds409,Fasteners,Construction & Structural Connectors,Plates
dds415,Post Bases,dds409,Fasteners,Construction & Structural Connectors,Post Bases
dds416,Post Caps,dds409,Fasteners,Construction & Structural Connectors,Post Caps
dds417,Holdowns,dds409,Fasteners,Construction & Structural Connectors,Holdowns
dds418,Column Caps,dds409,Fasteners,Construction & Structural Connectors,Column Caps
dds419,Rafter & Ridge Connectors,dds409,Fasteners,Construction & Structural Connectors,Rafter & Ridge Connectors
dds420,Truss Connectors,dds409,Fasteners,Construction & Structural Connectors,Truss Connectors
dds421,Deck Connectors,dds409,Fasteners,Construction & Structural Connectors,Deck Connectors
dds422,Wood-to-Concrete Connectors,dds409,Fasteners,Construction & Structural Connectors,Wood-to-Concrete Connectors
dds423,Specialty & Miscellaneous Fasteners,dds302,Fasteners,Specialty & Miscellaneous Fasteners,
dds424,Retaining Rings,dds423,Fasteners,Specialty & Miscellaneous Fasteners,Retaining Rings
dds425,Cotter Pins,dds423,Fasteners,Specialty & Miscellaneous Fasteners,Cotter Pins
dds426,Dowel Pins,dds423,Fasteners,Specialty & Miscellaneous Fasteners,Dowel Pins
dds427,Spring Pins (Roll Pins),dds423,Fasteners,Specialty & Miscellaneous Fasteners,Spring Pins (Roll Pins)
dds428,Clevis Pins,dds423,Fasteners,Specialty & Miscellaneous Fasteners,Clevis Pins
dds429,Hitch Pins,dds423,Fasteners,Specialty & Miscellaneous Fasteners,Hitch Pins
dds430,E-Clips / Snap Rings,dds423,Fasteners,Specialty & Miscellaneous Fasteners,E-Clips / Snap Rings
dds431,Clips & Retainers,dds423,Fasteners,Specialty & Miscellaneous Fasteners,Clips & Retainers
dds432,Concrete Pins (Powder-Actuated),dds423,Fasteners,Specialty & Miscellaneous Fasteners,Concrete Pins (Powder-Actuated)
dds433,Thread Inserts,dds423,Fasteners,Specialty & Miscellaneous Fasteners,Thread Inserts
dds434,Spacers & Standoffs,dds423,Fasteners,Specialty & Miscellaneous Fasteners,Spacers & Standoffs
dds435,Miscellaneous Fastener Kits,dds423,Fasteners,Specialty & Miscellaneous Fasteners,Miscellaneous Fastener Kits
dds436,Strut & Accessories,,Strut & Accessories,,
dds437,Strut Channel,dds436,Strut & Accessories,Strut Channel,
dds438,Standard Strut Channel,dds437,Strut & Accessories,Strut Channel,Standard Strut Channel
dds439,Shallow Strut Channel,dds437,Strut & Accessories,Strut Channel,Shallow Strut Channel
dds440,Back-to-Back Strut Channel,dds437,Strut & Accessories,Strut Channel,Back-to-Back Strut Channel
dds441,Double Strut Channel,dds437,Strut & Accessories,Strut Channel,Double Strut Channel
dds442,Solid (Plain) Strut Channel,dds437,Strut & Accessories,Strut Channel,Solid (Plain) Strut Channel
dds443,Angle & Flat Fittings,dds436,Strut & Accessories,Angle & Flat Fittings,
dds444,90° Angle Fittings,dds443,Strut & Accessories,Angle & Flat Fittings,90° Angle Fittings
dds445,Flat Plate Fittings,dds443,Strut & Accessories,Angle & Flat Fittings,Flat Plate Fittings
dds446,Offset Fittings,dds443,Strut & Accessories,Angle & Flat Fittings,Offset Fittings
dds447,Tee & Cross Fittings,dds436,Strut & Accessories,Tee & Cross Fittings,
dds448,Tee Fittings,dds447,Strut & Accessories,Tee & Cross Fittings,Tee Fittings
dds449,Cross Fittings,dds447,Strut & Accessories,Tee & Cross Fittings,Cross Fittings
dds450,Four-Hole Fittings,dds447,Strut & Accessories,Tee & Cross Fittings,Four-Hole Fittings
dds451,Structural Brackets,dds436,Strut & Accessories,Structural Brackets,
dds452,Corner Brackets,dds451,Strut & Accessories,Structural Brackets,Corner Brackets
dds453,Gussets,dds451,Strut & Accessories,Structural Brackets,Gussets
dds454,Channel Brackets,dds451,Strut & Accessories,Structural Brackets,Channel Brackets
dds455,Mounting Plates,dds451,Strut & Accessories,Structural Brackets,Mounting Plates
dds456,Beam & Structural Attachments,dds436,Strut & Accessories,Beam & Structural Attachments,
dds457,Beam Clamps,dds456,Strut & Accessories,Beam & Structural Attachments,Beam Clamps
dds458,Girder Clamps,dds456,Strut & Accessories,Beam & Structural Attachments,Girder Clamps
dds459,Structural Clips,dds456,Strut & Accessories,Beam & Structural Attachments,Structural Clips
dds460,Channel Nuts,dds436,Strut & Accessories,Channel Nuts,
dds461,Spring Channel Nuts,dds460,Strut & Accessories,Channel Nuts,Spring Channel Nuts
dds462,Regular Channel Nuts,dds460,Strut & Accessories,Channel Nuts,Regular Channel Nuts
dds463,Cone Channel Nuts,dds460,Strut & Accessories,Channel Nuts,Cone Channel Nuts
dds464,Coil Channel Nuts,dds460,Strut & Accessories,Channel Nuts,Coil Channel Nuts
dds465,Strut Washers,dds436,Strut & Accessories,Strut Washers,
dds466,Strut Washers,dds465,Strut & Accessories,Strut Washers,Strut Washers
dds467,End Caps,dds436,Strut & Accessories,End Caps,
dds468,Regular End Caps,dds467,Strut & Accessories,End Caps,Regular End Caps
dds469,Low Profile End Caps,dds467,Strut & Accessories,End Caps,Low Profile End Caps
dds470,Joining & Bracing,dds436,Strut & Accessories,Joining & Bracing,
dds471,Splice Plates,dds470,Strut & Accessories,Joining & Bracing,Splice Plates
dds472,Channel Joiners,dds470,Strut & Accessories,Joining & Bracing,Channel Joiners
dds473,Bracing Plates,dds470,Strut & Accessories,Joining & Bracing,Bracing Plates
dds474,Seismic Bracing Components,dds470,Strut & Accessories,Joining & Bracing,Seismic Bracing Components
dds475,Pipe & Conduit Supports,dds436,Strut & Accessories,Pipe & Conduit Supports,
dds476,Pipe Clamps,dds475,Strut & Accessories,Pipe & Conduit Supports,Pipe Clamps
dds477,Clevis Hangers,dds475,Strut & Accessories,Pipe & Conduit Supports,Clevis Hangers
dds478,Riser Clamps,dds475,Strut & Accessories,Pipe & Conduit Supports,Riser Clamps
dds479,Conduit Clamps,dds475,Strut & Accessories,Pipe & Conduit Supports,Conduit Clamps
dds480,Strut-Mounted Conduit Hangers,dds475,Strut & Accessories,Pipe & Conduit Supports,Strut-Mounted Conduit Hangers
dds481,U-Bolt Assemblies,dds475,Strut & Accessories,Pipe & Conduit Supports,U-Bolt Assemblies
dds482,Strut Trolleys,dds436,Strut & Accessories,Strut Trolleys,
dds483,Strut Trolleys,dds482,Strut & Accessories,Strut Trolleys,Strut Trolleys
dds484,Post Bases,dds436,Strut & Accessories,Post Bases,
dds485,Post Bases,dds484,Strut & Accessories,Post Bases,Post Bases